{
	"layout":"odd-r",
	"source":"http://blog.apps.npr.org/2015/05/11/hex-tile-maps.html",
	"hexes": {
		"AL":{"n":"Alabama","type":"state","capital":"Montgomery","founding":"December 14 1819","q":8,"r":0},
		"AK":{"n":"Alaska","type":"state","capital":"Juneau","founding":"January 3 1959","q":1,"r":6},
		"AZ":{"n":"Arizona","type":"state","capital":"Phoenix","founding":"February 14 1912","q":4,"r":0},
		"AR":{"n":"Arkansas","type":"state","capital":"Little Rock","founding":"June 15 1836","q":6,"r":1},
		"CA":{"n":"California","type":"state","capital":"Sacramento","founding":"September 9 1850","q":2,"r":1},
		"CO":{"n":"Colorado","type":"state","capital":"Denver","founding":"August 1 1876","q":4,"r":2},
		"CT":{"n":"Connecticut","type":"state","capital":"Hartford","founding":"January 9 1788","q":11,"r":3},
		"DC":{"n":"Washington D.C.","type":"federal district","founding":"July 16 1790","q":10,"r":1},
		"DE":{"n":"Delaware","type":"state","capital":"Dover","founding":"December 7 1787","q":11,"r":2},
		"FL":{"n":"Florida","type":"state","capital":"Tallahassee","founding":"March 3 1845","q":8,"r":-1},
		"GA":{"n":"Georgia","type":"state","capital":"Atlanta","founding":"January 2 1788","q":9,"r":0},
		"HI":{"n":"Hawaii","type":"state","capital":"Honolulu","founding":"August 21 1959","q":0,"r":-1},
		"ID":{"n":"Idaho","type":"state","capital":"Boise","founding":"July 3 1890","q":2,"r":3},
		"IL":{"n":"Illinois","type":"state","capital":"Springfield","founding":"December 3 1818","q":6,"r":3},
		"IN":{"n":"Indiana","type":"state","capital":"Indianapolis","founding":"December 11 1816","q":7,"r":3},
		"IA":{"n":"Iowa","type":"state","capital":"Des Moines","founding":"December 28 1846","q":5,"r":3},
		"KS":{"n":"Kansas","type":"state","capital":"Topeka","founding":"January 29 1861","q":5,"r":1},
		"KY":{"n":"Kentucky","type":"state","capital":"Frankfort","founding":"June 1 1792","q":7,"r":2},
		"LA":{"n":"Louisiana","type":"state","capital":"Baton Rouge","founding":"April 30 1812","q":6,"r":0},
		"ME":{"n":"Maine","type":"state","capital":"Augusta","founding":"March 15 1820","q":12,"r":6},
		"MD":{"n":"Maryland","type":"state","capital":"Annapolis","founding":"April 28 1788","q":10,"r":2},
		"MA":{"n":"Massachusetts","type":"state","capital":"Boston","founding":"February 6 1788","q":11,"r":4},
		"MI":{"n":"Michigan","type":"state","capital":"Lansing","founding":"January 26 1837","q":8,"r":4},
		"MN":{"n":"Minnesota","type":"state","capital":"Saint Paul","founding":"May 11 1858","q":5,"r":4},
		"MS":{"n":"Mississippi","type":"state","capital":"Jackson","founding":"December 10 1817","q":7,"r":0},
		"MO":{"n":"Missouri","type":"state","capital":"Jefferson City","founding":"August 10 1821","q":6,"r":2},
		"MT":{"n":"Montana","type":"state","capital":"Helena","founding":"November 8 1889","q":3,"r":4},
		"NE":{"n":"Nebraska","type":"state","capital":"Lincoln","founding":"March 1 1867","q":5,"r":2},
		"NV":{"n":"Nevada","type":"state","capital":"Carson City","founding":"October 31 1864","q":3,"r":2},
		"NH":{"n":"New Hampshire","type":"state","capital":"Concord","founding":"June 21 1788","q":11,"r":5},
		"NJ":{"n":"New Jersey","type":"state","capital":"Trenton","founding":"December 18 1787","q":10,"r":3},
		"NM":{"n":"New Mexico","type":"state","capital":"Santa Fe","founding":"January 6 1912","q":4,"r":1},
		"NY":{"n":"New York","type":"state","capital":"Albany","founding":"July 26 1788","q":10,"r":4},
		"NC":{"n":"North Carolina","type":"state","capital":"Raleigh","founding":"November 21 1789","q":8,"r":1},
		"ND":{"n":"North Dakota","type":"state","capital":"Bismarck","founding":"November 2 1889","q":4,"r":4},
		"OH":{"n":"Ohio","type":"state","capital":"Columbus","founding":"March 1 1803","q":8,"r":3},
		"OK":{"n":"Oklahoma","type":"state","capital":"Oklahoma City","founding":"November 16 1907","q":5,"r":0},
		"OR":{"n":"Oregon","type":"state","capital":"Salem","founding":"February 14 1859","q":2,"r":2},
		"PA":{"n":"Pennsylvania","type":"state","capital":"Harrisburg","founding":"December 12 1787","q":9,"r":3},
		"RI":{"n":"Rhode Island","type":"state","capital":"Providence","founding":"May 19 1790","q":12,"r":4},
		"SC":{"n":"South Carolina","type":"state","capital":"Columbia","founding":"May 23 1788","q":9,"r":1},
		"SD":{"n":"South Dakota","type":"state","capital":"Pierre","founding":"November 2 1889","q":4,"r":3},
		"TN":{"n":"Tennessee","type":"state","capital":"Nashville","founding":"June 1 1796","q":7,"r":1},
		"TX":{"n":"Texas","type":"state","capital":"Austin","founding":"December 29 1845","q":5,"r":-1},
		"UT":{"n":"Utah","type":"state","capital":"Salt Lake City","founding":"January 4 1896","q":3,"r":1},
		"VT":{"n":"Vermont","type":"state","capital":"Montpelier","founding":"March 4 1791","q":10,"r":5},
		"VA":{"n":"Virginia","type":"state","capital":"Richmond","founding":"June 25 1788","q":9,"r":2},
		"WA":{"n":"Washington","type":"state","capital":"Olympia","founding":"November 11 1889","q":2,"r":4},
		"WV":{"n":"West Virginia","type":"state","capital":"Charleston","founding":"June 20 1863","q":8,"r":2},
		"WI":{"n":"Wisconsin","type":"state","capital":"Madison","founding":"May 29 1848","q":6,"r":4},
		"WY":{"n":"Wyoming","type":"state","capital":"Cheyenne","founding":"July 10 1890","q":3,"r":3}
	}
}